,vib
0,4
1,3.234820532
2,1.234162785
3,-1.231784048
4,-3.216147294
5,-3.961570561
6,-3.19136157
7,-1.212864038
8,1.205819241
9,3.136059458
10,3.847759065
11,3.087440511
12,1.168706305
13,-1.157266176
14,-2.997634755
15,-3.662939225
16,-2.927050983
17,-1.103386544
18,1.087990721
19,2.806192768
20,3.414213562
21,2.716356667
22,1.019414957
23,-1.000655092
24,-2.569090505
25,-3.111140466
26,-2.463454426
27,-0.920018524
28,0.898615548
29,2.295439674
30,2.765366865
31,2.178063151
32,0.809016994
33,-0.785793413
34,-1.995756522
35,-2.390180644
36,-1.87115027
37,-0.690676095
38,0.666524377
39,1.681557705
40,2
41,1.554510272
42,0.569543601
43,-0.545391882
44,-1.364917707
45,-1.609819356
46,-1.240311456
47,-0.450274565
48,0.427050983
49,1.058004826
50,1.234633135
51,0.940628304
52,0.337452429
53,-0.316049454
54,-0.772613552
55,-0.888859534
56,-0.666977472
57,-0.235412886
58,0.216653021
59,0.519711311
60,0.585786438
61,0.42987521
62,0.148077257
63,-0.132681434
64,-0.309016994
65,-0.337060775
66,-0.238433223
67,-0.078801801
68,0.067361673
69,0.148627467
70,0.152240935
71,0.100008519
72,0.030248736
73,-0.02320394
74,-0.044706408
75,-0.038429439
76,-0.019920683
77,-0.004283929
78,0.001905193
79,0.001247446
80,0
81,0.001247446
82,0.001905193
83,-0.004283929
84,-0.019920683
85,-0.038429439
86,-0.044706408
87,-0.02320394
88,0.030248736
89,0.100008519
90,0.152240935
91,0.148627467
92,0.067361673
93,-0.078801801
94,-0.238433223
95,-0.337060775
96,-0.309016994
97,-0.132681434
98,0.148077257
99,0.42987521
100,0.585786438
101,0.519711311
102,0.216653021
103,-0.235412886
104,-0.666977472
105,-0.888859534
106,-0.772613552
107,-0.316049454
108,0.337452429
109,0.940628304
110,1.234633135
111,1.058004826
112,0.427050983
113,-0.450274565
114,-1.240311456
115,-1.609819356
116,-1.364917707
117,-0.545391882
118,0.569543601
119,1.554510272
120,2
121,1.681557705
122,0.666524377
123,-0.690676095
124,-1.87115027
125,-2.390180644
126,-1.995756522
127,-0.785793413
128,0.809016994
129,2.178063151
130,2.765366865
131,2.295439674
132,0.898615548
133,-0.920018524
134,-2.463454426
135,-3.111140466
136,-2.569090505
137,-1.000655092
138,1.019414957
139,2.716356667
140,3.414213562
141,2.806192768
142,1.087990721
143,-1.103386544
144,-2.927050983
145,-3.662939225
146,-2.997634755
147,-1.157266176
148,1.168706305
149,3.087440511
150,3.847759065
151,3.136059458
152,1.205819241
153,-1.212864038
154,-3.19136157
155,-3.961570561
156,-3.216147294
157,-1.231784048
158,1.234162785
159,3.234820532
160,4
161,3.234820532
162,1.234162785
163,-1.231784048
164,-3.216147294
165,-3.961570561
166,-3.19136157
167,-1.212864038
168,1.205819241
169,3.136059458
170,3.847759065
171,3.087440511
172,1.168706305
173,-1.157266176
174,-2.997634755
175,-3.662939225
176,-2.927050983
177,-1.103386544
178,1.087990721
179,2.806192768
180,3.414213562
181,2.716356667
182,1.019414957
183,-1.000655092
184,-2.569090505
185,-3.111140466
186,-2.463454426
187,-0.920018524
188,0.898615548
189,2.295439674
190,2.765366865
191,2.178063151
192,0.809016994
193,-0.785793413
194,-1.995756522
195,-2.390180644
196,-1.87115027
197,-0.690676095
198,0.666524377
199,1.681557705
200,2
201,1.554510272
202,0.569543601
203,-0.545391882
204,-1.364917707
205,-1.609819356
206,-1.240311456
207,-0.450274565
208,0.427050983
209,1.058004826
210,1.234633135
211,0.940628304
212,0.337452429
213,-0.316049454
214,-0.772613552
215,-0.888859534
216,-0.666977472
217,-0.235412886
218,0.216653021
219,0.519711311
220,0.585786438
221,0.42987521
222,0.148077257
223,-0.132681434
224,-0.309016994
225,-0.337060775
226,-0.238433223
227,-0.078801801
228,0.067361673
229,0.148627467
230,0.152240935
231,0.100008519
232,0.030248736
233,-0.02320394
234,-0.044706408
235,-0.038429439
236,-0.019920683
237,-0.004283929
238,0.001905193
239,0.001247446
240,0
241,0.001247446
242,0.001905193
243,-0.004283929
244,-0.019920683
245,-0.038429439
246,-0.044706408
247,-0.02320394
248,0.030248736
249,0.100008519
250,0.152240935
251,0.148627467
252,0.067361673
253,-0.078801801
254,-0.238433223
255,-0.337060775
256,-0.309016994
257,-0.132681434
258,0.148077257
259,0.42987521
260,0.585786438
261,0.519711311
262,0.216653021
263,-0.235412886
264,-0.666977472
265,-0.888859534
266,-0.772613552
267,-0.316049454
268,0.337452429
269,0.940628304
270,1.234633135
271,1.058004826
272,0.427050983
273,-0.450274565
274,-1.240311456
275,-1.609819356
276,-1.364917707
277,-0.545391882
278,0.569543601
279,1.554510272
280,2
281,1.681557705
282,0.666524377
283,-0.690676095
284,-1.87115027
285,-2.390180644
286,-1.995756522
287,-0.785793413
288,0.809016994
289,2.178063151
290,2.765366865
291,2.295439674
292,0.898615548
293,-0.920018524
294,-2.463454426
295,-3.111140466
296,-2.569090505
297,-1.000655092
298,1.019414957
299,2.716356667
300,3.414213562
301,2.806192768
302,1.087990721
303,-1.103386544
304,-2.927050983
305,-3.662939225
306,-2.997634755
307,-1.157266176
308,1.168706305
309,3.087440511
310,3.847759065
311,3.136059458
312,1.205819241
313,-1.212864038
314,-3.19136157
315,-3.961570561
316,-3.216147294
317,-1.231784048
318,1.234162785
319,3.234820532
320,4
321,3.234820532
322,1.234162785
323,-1.231784048
324,-3.216147294
325,-3.961570561
326,-3.19136157
327,-1.212864038
328,1.205819241
329,3.136059458
330,3.847759065
331,3.087440511
332,1.168706305
333,-1.157266176
334,-2.997634755
335,-3.662939225
336,-2.927050983
337,-1.103386544
338,1.087990721
339,2.806192768
340,3.414213562
341,2.716356667
342,1.019414957
343,-1.000655092
344,-2.569090505
345,-3.111140466
346,-2.463454426
347,-0.920018524
348,0.898615548
349,2.295439674
350,2.765366865
351,2.178063151
352,0.809016994
353,-0.785793413
354,-1.995756522
355,-2.390180644
356,-1.87115027
357,-0.690676095
358,0.666524377
359,1.681557705
360,2
361,1.554510272
362,0.569543601
363,-0.545391882
364,-1.364917707
365,-1.609819356
366,-1.240311456
367,-0.450274565
368,0.427050983
369,1.058004826
370,1.234633135
371,0.940628304
372,0.337452429
373,-0.316049454
374,-0.772613552
375,-0.888859534
376,-0.666977472
377,-0.235412886
378,0.216653021
379,0.519711311
380,0.585786438
381,0.42987521
382,0.148077257
383,-0.132681434
384,-0.309016994
385,-0.337060775
386,-0.238433223
387,-0.078801801
388,0.067361673
389,0.148627467
390,0.152240935
391,0.100008519
392,0.030248736
393,-0.02320394
394,-0.044706408
395,-0.038429439
396,-0.019920683
397,-0.004283929
398,0.001905193
399,0.001247446
400,0
401,0.001247446
402,0.001905193
403,-0.004283929
404,-0.019920683
405,-0.038429439
406,-0.044706408
407,-0.02320394
408,0.030248736
409,0.100008519
410,0.152240935
411,0.148627467
412,0.067361673
413,-0.078801801
414,-0.238433223
415,-0.337060775
416,-0.309016994
417,-0.132681434
418,0.148077257
419,0.42987521
420,0.585786438
421,0.519711311
422,0.216653021
423,-0.235412886
424,-0.666977472
425,-0.888859534
426,-0.772613552
427,-0.316049454
428,0.337452429
429,0.940628304
430,1.234633135
431,1.058004826
432,0.427050983
433,-0.450274565
434,-1.240311456
435,-1.609819356
436,-1.364917707
437,-0.545391882
438,0.569543601
439,1.554510272
440,2
441,1.681557705
442,0.666524377
443,-0.690676095
444,-1.87115027
445,-2.390180644
446,-1.995756522
447,-0.785793413
448,0.809016994
449,2.178063151
450,2.765366865
451,2.295439674
452,0.898615548
453,-0.920018524
454,-2.463454426
455,-3.111140466
456,-2.569090505
457,-1.000655092
458,1.019414957
459,2.716356667
460,3.414213562
461,2.806192768
462,1.087990721
463,-1.103386544
464,-2.927050983
465,-3.662939225
466,-2.997634755
467,-1.157266176
468,1.168706305
469,3.087440511
470,3.847759065
471,3.136059458
472,1.205819241
473,-1.212864038
474,-3.19136157
475,-3.961570561
476,-3.216147294
477,-1.231784048
478,1.234162785
479,3.234820532
480,4
481,3.234820532
482,1.234162785
483,-1.231784048
484,-3.216147294
485,-3.961570561
486,-3.19136157
487,-1.212864038
488,1.205819241
489,3.136059458
490,3.847759065
491,3.087440511
492,1.168706305
493,-1.157266176
494,-2.997634755
495,-3.662939225
496,-2.927050983
497,-1.103386544
498,1.087990721
499,2.806192768
500,3.414213562
501,2.716356667
502,1.019414957
503,-1.000655092
504,-2.569090505
505,-3.111140466
506,-2.463454426
507,-0.920018524
508,0.898615548
509,2.295439674
510,2.765366865
511,2.178063151
512,0.809016994
513,-0.785793413
514,-1.995756522
515,-2.390180644
516,-1.87115027
517,-0.690676095
518,0.666524377
519,1.681557705
520,2
521,1.554510272
522,0.569543601
523,-0.545391882
524,-1.364917707
525,-1.609819356
526,-1.240311456
527,-0.450274565
528,0.427050983
529,1.058004826
530,1.234633135
531,0.940628304
532,0.337452429
533,-0.316049454
534,-0.772613552
535,-0.888859534
536,-0.666977472
537,-0.235412886
538,0.216653021
539,0.519711311
540,0.585786438
541,0.42987521
542,0.148077257
543,-0.132681434
544,-0.309016994
545,-0.337060775
546,-0.238433223
547,-0.078801801
548,0.067361673
549,0.148627467
550,0.152240935
551,0.100008519
552,0.030248736
553,-0.02320394
554,-0.044706408
555,-0.038429439
556,-0.019920683
557,-0.004283929
558,0.001905193
559,0.001247446
560,0
561,0.001247446
562,0.001905193
563,-0.004283929
564,-0.019920683
565,-0.038429439
566,-0.044706408
567,-0.02320394
568,0.030248736
569,0.100008519
570,0.152240935
571,0.148627467
572,0.067361673
573,-0.078801801
574,-0.238433223
575,-0.337060775
576,-0.309016994
577,-0.132681434
578,0.148077257
579,0.42987521
580,0.585786438
581,0.519711311
582,0.216653021
583,-0.235412886
584,-0.666977472
585,-0.888859534
586,-0.772613552
587,-0.316049454
588,0.337452429
589,0.940628304
590,1.234633135
591,1.058004826
592,0.427050983
593,-0.450274565
594,-1.240311456
595,-1.609819356
596,-1.364917707
597,-0.545391882
598,0.569543601
599,1.554510272
600,2
601,1.681557705
602,0.666524377
603,-0.690676095
604,-1.87115027
605,-2.390180644
606,-1.995756522
607,-0.785793413
608,0.809016994
609,2.178063151
610,2.765366865
611,2.295439674
612,0.898615548
613,-0.920018524
614,-2.463454426
615,-3.111140466
616,-2.569090505
617,-1.000655092
618,1.019414957
619,2.716356667
620,3.414213562
621,2.806192768
622,1.087990721
623,-1.103386544
624,-2.927050983
625,-3.662939225
626,-2.997634755
627,-1.157266176
628,1.168706305
629,3.087440511
630,3.847759065
631,3.136059458
632,1.205819241
633,-1.212864038
634,-3.19136157
635,-3.961570561
636,-3.216147294
637,-1.231784048
638,1.234162785
639,3.234820532
640,4
641,3.234820532
642,1.234162785
643,-1.231784048
644,-3.216147294
645,-3.961570561
646,-3.19136157
647,-1.212864038
648,1.205819241
649,3.136059458
650,3.847759065
651,3.087440511
652,1.168706305
653,-1.157266176
654,-2.997634755
655,-3.662939225
656,-2.927050983
657,-1.103386544
658,1.087990721
659,2.806192768
660,3.414213562
661,2.716356667
662,1.019414957
663,-1.000655092
664,-2.569090505
665,-3.111140466
666,-2.463454426
667,-0.920018524
668,0.898615548
669,2.295439674
670,2.765366865
671,2.178063151
672,0.809016994
673,-0.785793413
674,-1.995756522
675,-2.390180644
676,-1.87115027
677,-0.690676095
678,0.666524377
679,1.681557705
680,2
681,1.554510272
682,0.569543601
683,-0.545391882
684,-1.364917707
685,-1.609819356
686,-1.240311456
687,-0.450274565
688,0.427050983
689,1.058004826
690,1.234633135
691,0.940628304
692,0.337452429
693,-0.316049454
694,-0.772613552
695,-0.888859534
696,-0.666977472
697,-0.235412886
698,0.216653021
699,0.519711311
700,0.585786438
701,0.42987521
702,0.148077257
703,-0.132681434
704,-0.309016994
705,-0.337060775
706,-0.238433223
707,-0.078801801
708,0.067361673
709,0.148627467
710,0.152240935
711,0.100008519
712,0.030248736
713,-0.02320394
714,-0.044706408
715,-0.038429439
716,-0.019920683
717,-0.004283929
718,0.001905193
719,0.001247446
720,0
721,0.001247446
722,0.001905193
723,-0.004283929
724,-0.019920683
725,-0.038429439
726,-0.044706408
727,-0.02320394
728,0.030248736
729,0.100008519
730,0.152240935
731,0.148627467
732,0.067361673
733,-0.078801801
734,-0.238433223
735,-0.337060775
736,-0.309016994
737,-0.132681434
738,0.148077257
739,0.42987521
740,0.585786438
741,0.519711311
742,0.216653021
743,-0.235412886
744,-0.666977472
745,-0.888859534
746,-0.772613552
747,-0.316049454
748,0.337452429
749,0.940628304
750,1.234633135
751,1.058004826
752,0.427050983
753,-0.450274565
754,-1.240311456
755,-1.609819356
756,-1.364917707
757,-0.545391882
758,0.569543601
759,1.554510272
760,2
761,1.681557705
762,0.666524377
763,-0.690676095
764,-1.87115027
765,-2.390180644
766,-1.995756522
767,-0.785793413
768,0.809016994
769,2.178063151
770,2.765366865
771,2.295439674
772,0.898615548
773,-0.920018524
774,-2.463454426
775,-3.111140466
776,-2.569090505
777,-1.000655092
778,1.019414957
779,2.716356667
780,3.414213562
781,2.806192768
782,1.087990721
783,-1.103386544
784,-2.927050983
785,-3.662939225
786,-2.997634755
787,-1.157266176
788,1.168706305
789,3.087440511
790,3.847759065
791,3.136059458
792,1.205819241
793,-1.212864038
794,-3.19136157
795,-3.961570561
796,-3.216147294
797,-1.231784048
798,1.234162785
799,3.234820532
800,4
801,3.234820532
802,1.234162785
803,-1.231784048
804,-3.216147294
805,-3.961570561
806,-3.19136157
807,-1.212864038
808,1.205819241
809,3.136059458
810,3.847759065
811,3.087440511
812,1.168706305
813,-1.157266176
814,-2.997634755
815,-3.662939225
816,-2.927050983
817,-1.103386544
818,1.087990721
819,2.806192768
820,3.414213562
821,2.716356667
822,1.019414957
823,-1.000655092
824,-2.569090505
825,-3.111140466
826,-2.463454426
827,-0.920018524
828,0.898615548
829,2.295439674
830,2.765366865
831,2.178063151
832,0.809016994
833,-0.785793413
834,-1.995756522
835,-2.390180644
836,-1.87115027
837,-0.690676095
838,0.666524377
839,1.681557705
840,2
841,1.554510272
842,0.569543601
843,-0.545391882
844,-1.364917707
845,-1.609819356
846,-1.240311456
847,-0.450274565
848,0.427050983
849,1.058004826
850,1.234633135
851,0.940628304
852,0.337452429
853,-0.316049454
854,-0.772613552
855,-0.888859534
856,-0.666977472
857,-0.235412886
858,0.216653021
859,0.519711311
860,0.585786438
861,0.42987521
862,0.148077257
863,-0.132681434
864,-0.309016994
865,-0.337060775
866,-0.238433223
867,-0.078801801
868,0.067361673
869,0.148627467
870,0.152240935
871,0.100008519
872,0.030248736
873,-0.02320394
874,-0.044706408
875,-0.038429439
876,-0.019920683
877,-0.004283929
878,0.001905193
879,0.001247446
880,0
881,0.001247446
882,0.001905193
883,-0.004283929
884,-0.019920683
885,-0.038429439
886,-0.044706408
887,-0.02320394
888,0.030248736
889,0.100008519
890,0.152240935
891,0.148627467
892,0.067361673
893,-0.078801801
894,-0.238433223
895,-0.337060775
896,-0.309016994
897,-0.132681434
898,0.148077257
899,0.42987521
900,0.585786438
901,0.519711311
902,0.216653021
903,-0.235412886
904,-0.666977472
905,-0.888859534
906,-0.772613552
907,-0.316049454
908,0.337452429
909,0.940628304
910,1.234633135
911,1.058004826
912,0.427050983
913,-0.450274565
914,-1.240311456
915,-1.609819356
916,-1.364917707
917,-0.545391882
918,0.569543601
919,1.554510272
920,2
921,1.681557705
922,0.666524377
923,-0.690676095
924,-1.87115027
925,-2.390180644
926,-1.995756522
927,-0.785793413
928,0.809016994
929,2.178063151
930,2.765366865
931,2.295439674
932,0.898615548
933,-0.920018524
934,-2.463454426
935,-3.111140466
936,-2.569090505
937,-1.000655092
938,1.019414957
939,2.716356667
940,3.414213562
941,2.806192768
942,1.087990721
943,-1.103386544
944,-2.927050983
945,-3.662939225
946,-2.997634755
947,-1.157266176
948,1.168706305
949,3.087440511
950,3.847759065
951,3.136059458
952,1.205819241
953,-1.212864038
954,-3.19136157
955,-3.961570561
956,-3.216147294
957,-1.231784048
958,1.234162785
959,3.234820532
960,4
961,3.234820532
962,1.234162785
963,-1.231784048
964,-3.216147294
965,-3.961570561
966,-3.19136157
967,-1.212864038
968,1.205819241
969,3.136059458
970,3.847759065
971,3.087440511
972,1.168706305
973,-1.157266176
974,-2.997634755
975,-3.662939225
976,-2.927050983
977,-1.103386544
978,1.087990721
979,2.806192768
980,3.414213562
981,2.716356667
982,1.019414957
983,-1.000655092
984,-2.569090505
985,-3.111140466
986,-2.463454426
987,-0.920018524
988,0.898615548
989,2.295439674
990,2.765366865
991,2.178063151
992,0.809016994
993,-0.785793413
994,-1.995756522
995,-2.390180644
996,-1.87115027
997,-0.690676095
998,0.666524377
999,1.681557705
1000,2
1001,1.554510272
1002,0.569543601
1003,-0.545391882
1004,-1.364917707
1005,-1.609819356
1006,-1.240311456
1007,-0.450274565
1008,0.427050983
1009,1.058004826
1010,1.234633135
1011,0.940628304
1012,0.337452429
1013,-0.316049454
1014,-0.772613552
1015,-0.888859534
1016,-0.666977472
1017,-0.235412886
1018,0.216653021
1019,0.519711311
1020,0.585786438
1021,0.42987521
1022,0.148077257
1023,-0.132681434
1024,-0.309016994
1025,-0.337060775
1026,-0.238433223
1027,-0.078801801
1028,0.067361673
1029,0.148627467
1030,0.152240935
1031,0.100008519
1032,0.030248736
1033,-0.02320394
1034,-0.044706408
1035,-0.038429439
1036,-0.019920683
1037,-0.004283929
1038,0.001905193
1039,0.001247446
1040,0
1041,0.001247446
1042,0.001905193
1043,-0.004283929
1044,-0.019920683
1045,-0.038429439
1046,-0.044706408
1047,-0.02320394
1048,0.030248736
1049,0.100008519
1050,0.152240935
1051,0.148627467
1052,0.067361673
1053,-0.078801801
1054,-0.238433223
1055,-0.337060775
1056,-0.309016994
1057,-0.132681434
1058,0.148077257
1059,0.42987521
1060,0.585786438
1061,0.519711311
1062,0.216653021
1063,-0.235412886
1064,-0.666977472
1065,-0.888859534
1066,-0.772613552
1067,-0.316049454
1068,0.337452429
1069,0.940628304
1070,1.234633135
1071,1.058004826
1072,0.427050983
1073,-0.450274565
1074,-1.240311456
1075,-1.609819356
1076,-1.364917707
1077,-0.545391882
1078,0.569543601
1079,1.554510272
1080,2
1081,1.681557705
1082,0.666524377
1083,-0.690676095
1084,-1.87115027
1085,-2.390180644
1086,-1.995756522
1087,-0.785793413
1088,0.809016994
1089,2.178063151
1090,2.765366865
1091,2.295439674
1092,0.898615548
1093,-0.920018524
1094,-2.463454426
1095,-3.111140466
1096,-2.569090505
1097,-1.000655092
1098,1.019414957
1099,2.716356667
1100,3.414213562
1101,2.806192768
1102,1.087990721
1103,-1.103386544
1104,-2.927050983
1105,-3.662939225
1106,-2.997634755
1107,-1.157266176
1108,1.168706305
1109,3.087440511
1110,3.847759065
1111,3.136059458
1112,1.205819241
1113,-1.212864038
1114,-3.19136157
1115,-3.961570561
1116,-3.216147294
1117,-1.231784048
1118,1.234162785
1119,3.234820532
1120,4
1121,3.234820532
1122,1.234162785
1123,-1.231784048
1124,-3.216147294
1125,-3.961570561
1126,-3.19136157
1127,-1.212864038
1128,1.205819241
1129,3.136059458
1130,3.847759065
1131,3.087440511
1132,1.168706305
1133,-1.157266176
1134,-2.997634755
1135,-3.662939225
1136,-2.927050983
1137,-1.103386544
1138,1.087990721
1139,2.806192768
1140,3.414213562
1141,2.716356667
1142,1.019414957
1143,-1.000655092
1144,-2.569090505
1145,-3.111140466
1146,-2.463454426
1147,-0.920018524
1148,0.898615548
1149,2.295439674
1150,2.765366865
1151,2.178063151
1152,0.809016994
1153,-0.785793413
1154,-1.995756522
1155,-2.390180644
1156,-1.87115027
1157,-0.690676095
1158,0.666524377
1159,1.681557705
1160,2
1161,1.554510272
1162,0.569543601
1163,-0.545391882
1164,-1.364917707
1165,-1.609819356
1166,-1.240311456
1167,-0.450274565
1168,0.427050983
1169,1.058004826
1170,1.234633135
1171,0.940628304
1172,0.337452429
1173,-0.316049454
1174,-0.772613552
1175,-0.888859534
1176,-0.666977472
1177,-0.235412886
1178,0.216653021
1179,0.519711311
1180,0.585786438
1181,0.42987521
1182,0.148077257
1183,-0.132681434
1184,-0.309016994
1185,-0.337060775
1186,-0.238433223
1187,-0.078801801
1188,0.067361673
1189,0.148627467
1190,0.152240935
1191,0.100008519
1192,0.030248736
1193,-0.02320394
1194,-0.044706408
1195,-0.038429439
1196,-0.019920683
1197,-0.004283929
1198,0.001905193
1199,0.001247446
1200,0
1201,0.001247446
1202,0.001905193
1203,-0.004283929
1204,-0.019920683
1205,-0.038429439
1206,-0.044706408
1207,-0.02320394
1208,0.030248736
1209,0.100008519
1210,0.152240935
1211,0.148627467
1212,0.067361673
1213,-0.078801801
1214,-0.238433223
1215,-0.337060775
1216,-0.309016994
1217,-0.132681434
1218,0.148077257
1219,0.42987521
1220,0.585786438
1221,0.519711311
1222,0.216653021
1223,-0.235412886
1224,-0.666977472
1225,-0.888859534
1226,-0.772613552
1227,-0.316049454
1228,0.337452429
1229,0.940628304
1230,1.234633135
1231,1.058004826
1232,0.427050983
1233,-0.450274565
1234,-1.240311456
1235,-1.609819356
1236,-1.364917707
1237,-0.545391882
1238,0.569543601
1239,1.554510272
1240,2
1241,1.681557705
1242,0.666524377
1243,-0.690676095
1244,-1.87115027
1245,-2.390180644
1246,-1.995756522
1247,-0.785793413
1248,0.809016994
1249,2.178063151
1250,2.765366865
1251,2.295439674
1252,0.898615548
1253,-0.920018524
1254,-2.463454426
1255,-3.111140466
1256,-2.569090505
1257,-1.000655092
1258,1.019414957
1259,2.716356667
1260,3.414213562
1261,2.806192768
1262,1.087990721
1263,-1.103386544
1264,-2.927050983
1265,-3.662939225
1266,-2.997634755
1267,-1.157266176
1268,1.168706305
1269,3.087440511
1270,3.847759065
1271,3.136059458
1272,1.205819241
1273,-1.212864038
1274,-3.19136157
1275,-3.961570561
1276,-3.216147294
1277,-1.231784048
1278,1.234162785
1279,3.234820532
1280,4
1281,3.234820532
1282,1.234162785
1283,-1.231784048
1284,-3.216147294
1285,-3.961570561
1286,-3.19136157
1287,-1.212864038
1288,1.205819241
1289,3.136059458
1290,3.847759065
1291,3.087440511
1292,1.168706305
1293,-1.157266176
1294,-2.997634755
1295,-3.662939225
1296,-2.927050983
1297,-1.103386544
1298,1.087990721
1299,2.806192768
1300,3.414213562
1301,2.716356667
1302,1.019414957
1303,-1.000655092
1304,-2.569090505
1305,-3.111140466
1306,-2.463454426
1307,-0.920018524
1308,0.898615548
1309,2.295439674
1310,2.765366865
1311,2.178063151
1312,0.809016994
1313,-0.785793413
1314,-1.995756522
1315,-2.390180644
1316,-1.87115027
1317,-0.690676095
1318,0.666524377
1319,1.681557705
1320,2
1321,1.554510272
1322,0.569543601
1323,-0.545391882
1324,-1.364917707
1325,-1.609819356
1326,-1.240311456
1327,-0.450274565
1328,0.427050983
1329,1.058004826
1330,1.234633135
1331,0.940628304
1332,0.337452429
1333,-0.316049454
1334,-0.772613552
1335,-0.888859534
1336,-0.666977472
1337,-0.235412886
1338,0.216653021
1339,0.519711311
1340,0.585786438
1341,0.42987521
1342,0.148077257
1343,-0.132681434
1344,-0.309016994
1345,-0.337060775
1346,-0.238433223
1347,-0.078801801
1348,0.067361673
1349,0.148627467
1350,0.152240935
1351,0.100008519
1352,0.030248736
1353,-0.02320394
1354,-0.044706408
1355,-0.038429439
1356,-0.019920683
1357,-0.004283929
1358,0.001905193
1359,0.001247446
1360,0
1361,0.001247446
1362,0.001905193
1363,-0.004283929
1364,-0.019920683
1365,-0.038429439
1366,-0.044706408
1367,-0.02320394
1368,0.030248736
1369,0.100008519
1370,0.152240935
1371,0.148627467
1372,0.067361673
1373,-0.078801801
1374,-0.238433223
1375,-0.337060775
1376,-0.309016994
1377,-0.132681434
1378,0.148077257
1379,0.42987521
1380,0.585786438
1381,0.519711311
1382,0.216653021
1383,-0.235412886
1384,-0.666977472
1385,-0.888859534
1386,-0.772613552
1387,-0.316049454
1388,0.337452429
1389,0.940628304
1390,1.234633135
1391,1.058004826
1392,0.427050983
1393,-0.450274565
1394,-1.240311456
1395,-1.609819356
1396,-1.364917707
1397,-0.545391882
1398,0.569543601
1399,1.554510272
1400,2
1401,1.681557705
1402,0.666524377
1403,-0.690676095
1404,-1.87115027
1405,-2.390180644
1406,-1.995756522
1407,-0.785793413
1408,0.809016994
1409,2.178063151
1410,2.765366865
1411,2.295439674
1412,0.898615548
1413,-0.920018524
1414,-2.463454426
1415,-3.111140466
1416,-2.569090505
1417,-1.000655092
1418,1.019414957
1419,2.716356667
1420,3.414213562
1421,2.806192768
1422,1.087990721
1423,-1.103386544
1424,-2.927050983
1425,-3.662939225
1426,-2.997634755
1427,-1.157266176
1428,1.168706305
1429,3.087440511
1430,3.847759065
1431,3.136059458
1432,1.205819241
1433,-1.212864038
1434,-3.19136157
1435,-3.961570561
1436,-3.216147294
1437,-1.231784048
1438,1.234162785
1439,3.234820532
1440,4
1441,3.234820532
1442,1.234162785
1443,-1.231784048
1444,-3.216147294
1445,-3.961570561
1446,-3.19136157
1447,-1.212864038
1448,1.205819241
1449,3.136059458
1450,3.847759065
1451,3.087440511
1452,1.168706305
1453,-1.157266176
1454,-2.997634755
1455,-3.662939225
1456,-2.927050983
1457,-1.103386544
1458,1.087990721
1459,2.806192768
1460,3.414213562
1461,2.716356667
1462,1.019414957
1463,-1.000655092
1464,-2.569090505
1465,-3.111140466
1466,-2.463454426
1467,-0.920018524
1468,0.898615548
1469,2.295439674
1470,2.765366865
1471,2.178063151
1472,0.809016994
1473,-0.785793413
1474,-1.995756522
1475,-2.390180644
1476,-1.87115027
1477,-0.690676095
1478,0.666524377
1479,1.681557705
1480,2
1481,1.554510272
1482,0.569543601
1483,-0.545391882
1484,-1.364917707
1485,-1.609819356
1486,-1.240311456
1487,-0.450274565
1488,0.427050983
1489,1.058004826
1490,1.234633135
1491,0.940628304
1492,0.337452429
1493,-0.316049454
1494,-0.772613552
1495,-0.888859534
1496,-0.666977472
1497,-0.235412886
1498,0.216653021
1499,0.519711311
1500,0.585786438
1501,0.42987521
1502,0.148077257
1503,-0.132681434
1504,-0.309016994
1505,-0.337060775
1506,-0.238433223
1507,-0.078801801
1508,0.067361673
1509,0.148627467
1510,0.152240935
1511,0.100008519
1512,0.030248736
1513,-0.02320394
1514,-0.044706408
1515,-0.038429439
1516,-0.019920683
1517,-0.004283929
1518,0.001905193
1519,0.001247446
1520,0
1521,0.001247446
1522,0.001905193
1523,-0.004283929
1524,-0.019920683
1525,-0.038429439
1526,-0.044706408
1527,-0.02320394
1528,0.030248736
1529,0.100008519
1530,0.152240935
1531,0.148627467
1532,0.067361673
1533,-0.078801801
1534,-0.238433223
1535,-0.337060775
1536,-0.309016994
1537,-0.132681434
1538,0.148077257
1539,0.42987521
1540,0.585786438
1541,0.519711311
1542,0.216653021
1543,-0.235412886
1544,-0.666977472
1545,-0.888859534
1546,-0.772613552
1547,-0.316049454
1548,0.337452429
1549,0.940628304
1550,1.234633135
1551,1.058004826
1552,0.427050983
1553,-0.450274565
1554,-1.240311456
1555,-1.609819356
1556,-1.364917707
1557,-0.545391882
1558,0.569543601
1559,1.554510272
1560,2
1561,1.681557705
1562,0.666524377
1563,-0.690676095
1564,-1.87115027
1565,-2.390180644
1566,-1.995756522
1567,-0.785793413
1568,0.809016994
1569,2.178063151
1570,2.765366865
1571,2.295439674
1572,0.898615548
1573,-0.920018524
1574,-2.463454426
1575,-3.111140466
1576,-2.569090505
1577,-1.000655092
1578,1.019414957
1579,2.716356667
1580,3.414213562
1581,2.806192768
1582,1.087990721
1583,-1.103386544
1584,-2.927050983
1585,-3.662939225
1586,-2.997634755
1587,-1.157266176
1588,1.168706305
1589,3.087440511
1590,3.847759065
1591,3.136059458
1592,1.205819241
1593,-1.212864038
1594,-3.19136157
1595,-3.961570561
1596,-3.216147294
1597,-1.231784048
1598,1.234162785
1599,3.234820532
1600,4
1601,3.234820532
1602,1.234162785
1603,-1.231784048
1604,-3.216147294
1605,-3.961570561
1606,-3.19136157
1607,-1.212864038
1608,1.205819241
1609,3.136059458
1610,3.847759065
1611,3.087440511
1612,1.168706305
1613,-1.157266176
1614,-2.997634755
1615,-3.662939225
1616,-2.927050983
1617,-1.103386544
1618,1.087990721
1619,2.806192768
1620,3.414213562
1621,2.716356667
1622,1.019414957
1623,-1.000655092
1624,-2.569090505
1625,-3.111140466
1626,-2.463454426
1627,-0.920018524
1628,0.898615548
1629,2.295439674
1630,2.765366865
1631,2.178063151
1632,0.809016994
1633,-0.785793413
1634,-1.995756522
1635,-2.390180644
1636,-1.87115027
1637,-0.690676095
1638,0.666524377
1639,1.681557705
1640,2
1641,1.554510272
1642,0.569543601
1643,-0.545391882
1644,-1.364917707
1645,-1.609819356
1646,-1.240311456
1647,-0.450274565
1648,0.427050983
1649,1.058004826
1650,1.234633135
1651,0.940628304
1652,0.337452429
1653,-0.316049454
1654,-0.772613552
1655,-0.888859534
1656,-0.666977472
1657,-0.235412886
1658,0.216653021
1659,0.519711311
1660,0.585786438
1661,0.42987521
1662,0.148077257
1663,-0.132681434
1664,-0.309016994
1665,-0.337060775
1666,-0.238433223
1667,-0.078801801
1668,0.067361673
1669,0.148627467
1670,0.152240935
1671,0.100008519
1672,0.030248736
1673,-0.02320394
1674,-0.044706408
1675,-0.038429439
1676,-0.019920683
1677,-0.004283929
1678,0.001905193
1679,0.001247446
1680,0
1681,0.001247446
1682,0.001905193
1683,-0.004283929
1684,-0.019920683
1685,-0.038429439
1686,-0.044706408
1687,-0.02320394
1688,0.030248736
1689,0.100008519
1690,0.152240935
1691,0.148627467
1692,0.067361673
1693,-0.078801801
1694,-0.238433223
1695,-0.337060775
1696,-0.309016994
1697,-0.132681434
1698,0.148077257
1699,0.42987521
1700,0.585786438
1701,0.519711311
1702,0.216653021
1703,-0.235412886
1704,-0.666977472
1705,-0.888859534
1706,-0.772613552
1707,-0.316049454
1708,0.337452429
1709,0.940628304
1710,1.234633135
1711,1.058004826
1712,0.427050983
1713,-0.450274565
1714,-1.240311456
1715,-1.609819356
1716,-1.364917707
1717,-0.545391882
1718,0.569543601
1719,1.554510272
1720,2
1721,1.681557705
1722,0.666524377
1723,-0.690676095
1724,-1.87115027
1725,-2.390180644
1726,-1.995756522
1727,-0.785793413
1728,0.809016994
1729,2.178063151
1730,2.765366865
1731,2.295439674
1732,0.898615548
1733,-0.920018524
1734,-2.463454426
1735,-3.111140466
1736,-2.569090505
1737,-1.000655092
1738,1.019414957
1739,2.716356667
1740,3.414213562
1741,2.806192768
1742,1.087990721
1743,-1.103386544
1744,-2.927050983
1745,-3.662939225
1746,-2.997634755
1747,-1.157266176
1748,1.168706305
1749,3.087440511
1750,3.847759065
1751,3.136059458
1752,1.205819241
1753,-1.212864038
1754,-3.19136157
1755,-3.961570561
1756,-3.216147294
1757,-1.231784048
1758,1.234162785
1759,3.234820532
1760,4
1761,3.234820532
1762,1.234162785
1763,-1.231784048
1764,-3.216147294
1765,-3.961570561
1766,-3.19136157
1767,-1.212864038
1768,1.205819241
1769,3.136059458
1770,3.847759065
1771,3.087440511
1772,1.168706305
1773,-1.157266176
1774,-2.997634755
1775,-3.662939225
1776,-2.927050983
1777,-1.103386544
1778,1.087990721
1779,2.806192768
1780,3.414213562
1781,2.716356667
1782,1.019414957
1783,-1.000655092
1784,-2.569090505
1785,-3.111140466
1786,-2.463454426
1787,-0.920018524
1788,0.898615548
1789,2.295439674
1790,2.765366865
1791,2.178063151
1792,0.809016994
1793,-0.785793413
1794,-1.995756522
1795,-2.390180644
1796,-1.87115027
1797,-0.690676095
1798,0.666524377
1799,1.681557705
1800,2
1801,1.554510272
1802,0.569543601
1803,-0.545391882
1804,-1.364917707
1805,-1.609819356
1806,-1.240311456
1807,-0.450274565
1808,0.427050983
1809,1.058004826
1810,1.234633135
1811,0.940628304
1812,0.337452429
1813,-0.316049454
1814,-0.772613552
1815,-0.888859534
1816,-0.666977472
1817,-0.235412886
1818,0.216653021
1819,0.519711311
1820,0.585786438
1821,0.42987521
1822,0.148077257
1823,-0.132681434
1824,-0.309016994
1825,-0.337060775
1826,-0.238433223
1827,-0.078801801
1828,0.067361673
1829,0.148627467
1830,0.152240935
1831,0.100008519
1832,0.030248736
1833,-0.02320394
1834,-0.044706408
1835,-0.038429439
1836,-0.019920683
1837,-0.004283929
1838,0.001905193
1839,0.001247446
1840,0
1841,0.001247446
1842,0.001905193
1843,-0.004283929
1844,-0.019920683
1845,-0.038429439
1846,-0.044706408
1847,-0.02320394
1848,0.030248736
1849,0.100008519
1850,0.152240935
1851,0.148627467
1852,0.067361673
1853,-0.078801801
1854,-0.238433223
1855,-0.337060775
1856,-0.309016994
1857,-0.132681434
1858,0.148077257
1859,0.42987521
1860,0.585786438
1861,0.519711311
1862,0.216653021
1863,-0.235412886
1864,-0.666977472
1865,-0.888859534
1866,-0.772613552
1867,-0.316049454
1868,0.337452429
1869,0.940628304
1870,1.234633135
1871,1.058004826
1872,0.427050983
1873,-0.450274565
1874,-1.240311456
1875,-1.609819356
1876,-1.364917707
1877,-0.545391882
1878,0.569543601
1879,1.554510272
1880,2
1881,1.681557705
1882,0.666524377
1883,-0.690676095
1884,-1.87115027
1885,-2.390180644
1886,-1.995756522
1887,-0.785793413
1888,0.809016994
1889,2.178063151
1890,2.765366865
1891,2.295439674
1892,0.898615548
1893,-0.920018524
1894,-2.463454426
1895,-3.111140466
1896,-2.569090505
1897,-1.000655092
1898,1.019414957
1899,2.716356667
1900,3.414213562
1901,2.806192768
1902,1.087990721
1903,-1.103386544
1904,-2.927050983
1905,-3.662939225
1906,-2.997634755
1907,-1.157266176
1908,1.168706305
1909,3.087440511
1910,3.847759065
1911,3.136059458
1912,1.205819241
1913,-1.212864038
1914,-3.19136157
1915,-3.961570561
1916,-3.216147294
1917,-1.231784048
1918,1.234162785
1919,3.234820532
1920,4
1921,3.234820532
1922,1.234162785
1923,-1.231784048
1924,-3.216147294
1925,-3.961570561
1926,-3.19136157
1927,-1.212864038
1928,1.205819241
1929,3.136059458
1930,3.847759065
1931,3.087440511
1932,1.168706305
1933,-1.157266176
1934,-2.997634755
1935,-3.662939225
1936,-2.927050983
1937,-1.103386544
1938,1.087990721
1939,2.806192768
1940,3.414213562
1941,2.716356667
1942,1.019414957
1943,-1.000655092
1944,-2.569090505
1945,-3.111140466
1946,-2.463454426
1947,-0.920018524
1948,0.898615548
1949,2.295439674
1950,2.765366865
1951,2.178063151
1952,0.809016994
1953,-0.785793413
1954,-1.995756522
1955,-2.390180644
1956,-1.87115027
1957,-0.690676095
1958,0.666524377
1959,1.681557705
1960,2
1961,1.554510272
1962,0.569543601
1963,-0.545391882
1964,-1.364917707
1965,-1.609819356
1966,-1.240311456
1967,-0.450274565
1968,0.427050983
1969,1.058004826
1970,1.234633135
1971,0.940628304
1972,0.337452429
1973,-0.316049454
1974,-0.772613552
1975,-0.888859534
1976,-0.666977472
1977,-0.235412886
1978,0.216653021
1979,0.519711311
1980,0.585786438
1981,0.42987521
1982,0.148077257
1983,-0.132681434
1984,-0.309016994
1985,-0.337060775
1986,-0.238433223
1987,-0.078801801
1988,0.067361673
1989,0.148627467
1990,0.152240935
1991,0.100008519
1992,0.030248736
1993,-0.02320394
1994,-0.044706408
1995,-0.038429439
1996,-0.019920683
1997,-0.004283929
1998,0.001905193
1999,0.001247446
2000,0
2001,0.001247446
2002,0.001905193
2003,-0.004283929
2004,-0.019920683
2005,-0.038429439
2006,-0.044706408
2007,-0.02320394
2008,0.030248736
2009,0.100008519
2010,0.152240935
2011,0.148627467
2012,0.067361673
2013,-0.078801801
2014,-0.238433223
2015,-0.337060775
2016,-0.309016994
2017,-0.132681434
2018,0.148077257
2019,0.42987521
2020,0.585786438
2021,0.519711311
2022,0.216653021
2023,-0.235412886
2024,-0.666977472
2025,-0.888859534
2026,-0.772613552
2027,-0.316049454
2028,0.337452429
2029,0.940628304
2030,1.234633135
2031,1.058004826
2032,0.427050983
2033,-0.450274565
2034,-1.240311456
2035,-1.609819356
2036,-1.364917707
2037,-0.545391882
2038,0.569543601
2039,1.554510272
2040,2
2041,1.681557705
2042,0.666524377
2043,-0.690676095
2044,-1.87115027
2045,-2.390180644
2046,-1.995756522
2047,-0.785793413
2048,0.809016994
2049,2.178063151
2050,2.765366865
2051,2.295439674
2052,0.898615548
2053,-0.920018524
2054,-2.463454426
2055,-3.111140466
2056,-2.569090505
2057,-1.000655092
2058,1.019414957
2059,2.716356667
2060,3.414213562
2061,2.806192768
2062,1.087990721
2063,-1.103386544
2064,-2.927050983
2065,-3.662939225
2066,-2.997634755
2067,-1.157266176
2068,1.168706305
2069,3.087440511
2070,3.847759065
2071,3.136059458
2072,1.205819241
2073,-1.212864038
2074,-3.19136157
2075,-3.961570561
2076,-3.216147294
2077,-1.231784048
2078,1.234162785
2079,3.234820532
2080,4
2081,3.234820532
2082,1.234162785
2083,-1.231784048
2084,-3.216147294
2085,-3.961570561
2086,-3.19136157
2087,-1.212864038
2088,1.205819241
2089,3.136059458
2090,3.847759065
2091,3.087440511
2092,1.168706305
2093,-1.157266176
2094,-2.997634755
2095,-3.662939225
2096,-2.927050983
2097,-1.103386544
2098,1.087990721
2099,2.806192768
2100,3.414213562
2101,2.716356667
2102,1.019414957
2103,-1.000655092
2104,-2.569090505
2105,-3.111140466
2106,-2.463454426
2107,-0.920018524
2108,0.898615548
2109,2.295439674
2110,2.765366865
2111,2.178063151
2112,0.809016994
2113,-0.785793413
2114,-1.995756522
2115,-2.390180644
2116,-1.87115027
2117,-0.690676095
2118,0.666524377
2119,1.681557705
2120,2
2121,1.554510272
2122,0.569543601
2123,-0.545391882
2124,-1.364917707
2125,-1.609819356
2126,-1.240311456
2127,-0.450274565
2128,0.427050983
2129,1.058004826
2130,1.234633135
2131,0.940628304
2132,0.337452429
2133,-0.316049454
2134,-0.772613552
2135,-0.888859534
2136,-0.666977472
2137,-0.235412886
2138,0.216653021
2139,0.519711311
2140,0.585786438
2141,0.42987521
2142,0.148077257
2143,-0.132681434
2144,-0.309016994
2145,-0.337060775
2146,-0.238433223
2147,-0.078801801
2148,0.067361673
2149,0.148627467
2150,0.152240935
2151,0.100008519
2152,0.030248736
2153,-0.02320394
2154,-0.044706408
2155,-0.038429439
2156,-0.019920683
2157,-0.004283929
2158,0.001905193
2159,0.001247446
2160,0
2161,0.001247446
2162,0.001905193
2163,-0.004283929
2164,-0.019920683
2165,-0.038429439
2166,-0.044706408
2167,-0.02320394
2168,0.030248736
2169,0.100008519
2170,0.152240935
2171,0.148627467
2172,0.067361673
2173,-0.078801801
2174,-0.238433223
2175,-0.337060775
2176,-0.309016994
2177,-0.132681434
2178,0.148077257
2179,0.42987521
2180,0.585786438
2181,0.519711311
2182,0.216653021
2183,-0.235412886
2184,-0.666977472
2185,-0.888859534
2186,-0.772613552
2187,-0.316049454
2188,0.337452429
2189,0.940628304
2190,1.234633135
2191,1.058004826
2192,0.427050983
2193,-0.450274565
2194,-1.240311456
2195,-1.609819356
2196,-1.364917707
2197,-0.545391882
2198,0.569543601
2199,1.554510272
2200,2
2201,1.681557705
2202,0.666524377
2203,-0.690676095
2204,-1.87115027
2205,-2.390180644
2206,-1.995756522
2207,-0.785793413
2208,0.809016994
2209,2.178063151
2210,2.765366865
2211,2.295439674
2212,0.898615548
2213,-0.920018524
2214,-2.463454426
2215,-3.111140466
2216,-2.569090505
2217,-1.000655092
2218,1.019414957
2219,2.716356667
2220,3.414213562
2221,2.806192768
2222,1.087990721
2223,-1.103386544
2224,-2.927050983
2225,-3.662939225
2226,-2.997634755
2227,-1.157266176
2228,1.168706305
2229,3.087440511
2230,3.847759065
2231,3.136059458
2232,1.205819241
2233,-1.212864038
2234,-3.19136157
2235,-3.961570561
2236,-3.216147294
2237,-1.231784048
2238,1.234162785
2239,3.234820532
2240,4
2241,3.234820532
2242,1.234162785
2243,-1.231784048
2244,-3.216147294
2245,-3.961570561
2246,-3.19136157
2247,-1.212864038
2248,1.205819241
2249,3.136059458
2250,3.847759065
2251,3.087440511
2252,1.168706305
2253,-1.157266176
2254,-2.997634755
2255,-3.662939225
2256,-2.927050983
2257,-1.103386544
2258,1.087990721
2259,2.806192768
2260,3.414213562
2261,2.716356667
2262,1.019414957
2263,-1.000655092
2264,-2.569090505
2265,-3.111140466
2266,-2.463454426
2267,-0.920018524
2268,0.898615548
2269,2.295439674
2270,2.765366865
2271,2.178063151
2272,0.809016994
2273,-0.785793413
2274,-1.995756522
2275,-2.390180644
2276,-1.87115027
2277,-0.690676095
2278,0.666524377
2279,1.681557705
2280,2
2281,1.554510272
2282,0.569543601
2283,-0.545391882
2284,-1.364917707
2285,-1.609819356
2286,-1.240311456
2287,-0.450274565
2288,0.427050983
2289,1.058004826
2290,1.234633135
2291,0.940628304
2292,0.337452429
2293,-0.316049454
2294,-0.772613552
2295,-0.888859534
2296,-0.666977472
2297,-0.235412886
2298,0.216653021
2299,0.519711311
2300,0.585786438
2301,0.42987521
2302,0.148077257
2303,-0.132681434
2304,-0.309016994
2305,-0.337060775
2306,-0.238433223
2307,-0.078801801
2308,0.067361673
2309,0.148627467
2310,0.152240935
2311,0.100008519
2312,0.030248736
2313,-0.02320394
2314,-0.044706408
2315,-0.038429439
2316,-0.019920683
2317,-0.004283929
2318,0.001905193
2319,0.001247446
2320,0
2321,0.001247446
2322,0.001905193
2323,-0.004283929
2324,-0.019920683
2325,-0.038429439
2326,-0.044706408
2327,-0.02320394
2328,0.030248736
2329,0.100008519
2330,0.152240935
2331,0.148627467
2332,0.067361673
2333,-0.078801801
2334,-0.238433223
2335,-0.337060775
2336,-0.309016994
2337,-0.132681434
2338,0.148077257
2339,0.42987521
2340,0.585786438
2341,0.519711311
2342,0.216653021
2343,-0.235412886
2344,-0.666977472
2345,-0.888859534
2346,-0.772613552
2347,-0.316049454
2348,0.337452429
2349,0.940628304
2350,1.234633135
2351,1.058004826
2352,0.427050983
2353,-0.450274565
2354,-1.240311456
2355,-1.609819356
2356,-1.364917707
2357,-0.545391882
2358,0.569543601
2359,1.554510272
2360,2
2361,1.681557705
2362,0.666524377
2363,-0.690676095
2364,-1.87115027
2365,-2.390180644
2366,-1.995756522
2367,-0.785793413
2368,0.809016994
2369,2.178063151
2370,2.765366865
2371,2.295439674
2372,0.898615548
2373,-0.920018524
2374,-2.463454426
2375,-3.111140466
2376,-2.569090505
2377,-1.000655092
2378,1.019414957
2379,2.716356667
2380,3.414213562
2381,2.806192768
2382,1.087990721
2383,-1.103386544
2384,-2.927050983
2385,-3.662939225
2386,-2.997634755
2387,-1.157266176
2388,1.168706305
2389,3.087440511
2390,3.847759065
2391,3.136059458
2392,1.205819241
2393,-1.212864038
2394,-3.19136157
2395,-3.961570561
2396,-3.216147294
2397,-1.231784048
2398,1.234162785
2399,3.234820532
2400,4
2401,3.234820532
2402,1.234162785
2403,-1.231784048
2404,-3.216147294
2405,-3.961570561
2406,-3.19136157
2407,-1.212864038
2408,1.205819241
2409,3.136059458
2410,3.847759065
2411,3.087440511
2412,1.168706305
2413,-1.157266176
2414,-2.997634755
2415,-3.662939225
2416,-2.927050983
2417,-1.103386544
2418,1.087990721
2419,2.806192768
2420,3.414213562
2421,2.716356667
2422,1.019414957
2423,-1.000655092
2424,-2.569090505
2425,-3.111140466
2426,-2.463454426
2427,-0.920018524
2428,0.898615548
2429,2.295439674
2430,2.765366865
2431,2.178063151
2432,0.809016994
2433,-0.785793413
2434,-1.995756522
2435,-2.390180644
2436,-1.87115027
2437,-0.690676095
2438,0.666524377
2439,1.681557705
2440,2
2441,1.554510272
2442,0.569543601
2443,-0.545391882
2444,-1.364917707
2445,-1.609819356
2446,-1.240311456
2447,-0.450274565
2448,0.427050983
2449,1.058004826
2450,1.234633135
2451,0.940628304
2452,0.337452429
2453,-0.316049454
2454,-0.772613552
2455,-0.888859534
2456,-0.666977472
2457,-0.235412886
2458,0.216653021
2459,0.519711311
2460,0.585786438
2461,0.42987521
2462,0.148077257
2463,-0.132681434
2464,-0.309016994
2465,-0.337060775
2466,-0.238433223
2467,-0.078801801
2468,0.067361673
2469,0.148627467
2470,0.152240935
2471,0.100008519
2472,0.030248736
2473,-0.02320394
2474,-0.044706408
2475,-0.038429439
2476,-0.019920683
2477,-0.004283929
2478,0.001905193
2479,0.001247446
2480,0
2481,0.001247446
2482,0.001905193
2483,-0.004283929
2484,-0.019920683
2485,-0.038429439
2486,-0.044706408
2487,-0.02320394
2488,0.030248736
2489,0.100008519
2490,0.152240935
2491,0.148627467
2492,0.067361673
2493,-0.078801801
2494,-0.238433223
2495,-0.337060775
2496,-0.309016994
2497,-0.132681434
2498,0.148077257
2499,0.42987521
2500,0.585786438
2501,0.519711311
2502,0.216653021
2503,-0.235412886
2504,-0.666977472
2505,-0.888859534
2506,-0.772613552
2507,-0.316049454
2508,0.337452429
2509,0.940628304
2510,1.234633135
2511,1.058004826
2512,0.427050983
2513,-0.450274565
2514,-1.240311456
2515,-1.609819356
2516,-1.364917707
2517,-0.545391882
2518,0.569543601
2519,1.554510272
2520,2
2521,1.681557705
2522,0.666524377
2523,-0.690676095
2524,-1.87115027
2525,-2.390180644
2526,-1.995756522
2527,-0.785793413
2528,0.809016994
2529,2.178063151
2530,2.765366865
2531,2.295439674
2532,0.898615548
2533,-0.920018524
2534,-2.463454426
2535,-3.111140466
2536,-2.569090505
2537,-1.000655092
2538,1.019414957
2539,2.716356667
2540,3.414213562
2541,2.806192768
2542,1.087990721
2543,-1.103386544
2544,-2.927050983
2545,-3.662939225
2546,-2.997634755
2547,-1.157266176
2548,1.168706305
2549,3.087440511
2550,3.847759065
2551,3.136059458
2552,1.205819241
2553,-1.212864038
2554,-3.19136157
2555,-3.961570561
2556,-3.216147294
2557,-1.231784048
2558,1.234162785
2559,3.234820532
2560,4
2561,3.234820532
2562,1.234162785
2563,-1.231784048
2564,-3.216147294
2565,-3.961570561
2566,-3.19136157
2567,-1.212864038
2568,1.205819241
2569,3.136059458
2570,3.847759065
2571,3.087440511
2572,1.168706305
2573,-1.157266176
2574,-2.997634755
2575,-3.662939225
2576,-2.927050983
2577,-1.103386544
2578,1.087990721
2579,2.806192768
2580,3.414213562
2581,2.716356667
2582,1.019414957
2583,-1.000655092
2584,-2.569090505
2585,-3.111140466
2586,-2.463454426
2587,-0.920018524
2588,0.898615548
2589,2.295439674
2590,2.765366865
2591,2.178063151
2592,0.809016994
2593,-0.785793413
2594,-1.995756522
2595,-2.390180644
2596,-1.87115027
2597,-0.690676095
2598,0.666524377
2599,1.681557705
2600,2
2601,1.554510272
2602,0.569543601
2603,-0.545391882
2604,-1.364917707
2605,-1.609819356
2606,-1.240311456
2607,-0.450274565
2608,0.427050983
2609,1.058004826
2610,1.234633135
2611,0.940628304
2612,0.337452429
2613,-0.316049454
2614,-0.772613552
2615,-0.888859534
2616,-0.666977472
2617,-0.235412886
2618,0.216653021
2619,0.519711311
2620,0.585786438
2621,0.42987521
2622,0.148077257
2623,-0.132681434
2624,-0.309016994
2625,-0.337060775
2626,-0.238433223
2627,-0.078801801
2628,0.067361673
2629,0.148627467
2630,0.152240935
2631,0.100008519
2632,0.030248736
2633,-0.02320394
2634,-0.044706408
2635,-0.038429439
2636,-0.019920683
2637,-0.004283929
2638,0.001905193
2639,0.001247446
2640,0
2641,0.001247446
2642,0.001905193
2643,-0.004283929
2644,-0.019920683
2645,-0.038429439
2646,-0.044706408
2647,-0.02320394
2648,0.030248736
2649,0.100008519
2650,0.152240935
2651,0.148627467
2652,0.067361673
2653,-0.078801801
2654,-0.238433223
2655,-0.337060775
2656,-0.309016994
2657,-0.132681434
2658,0.148077257
2659,0.42987521
2660,0.585786438
2661,0.519711311
2662,0.216653021
2663,-0.235412886
2664,-0.666977472
2665,-0.888859534
2666,-0.772613552
2667,-0.316049454
2668,0.337452429
2669,0.940628304
2670,1.234633135
2671,1.058004826
2672,0.427050983
2673,-0.450274565
2674,-1.240311456
2675,-1.609819356
2676,-1.364917707
2677,-0.545391882
2678,0.569543601
2679,1.554510272
2680,2
2681,1.681557705
2682,0.666524377
2683,-0.690676095
2684,-1.87115027
2685,-2.390180644
2686,-1.995756522
2687,-0.785793413
2688,0.809016994
2689,2.178063151
2690,2.765366865
2691,2.295439674
2692,0.898615548
2693,-0.920018524
2694,-2.463454426
2695,-3.111140466
2696,-2.569090505
2697,-1.000655092
2698,1.019414957
2699,2.716356667
2700,3.414213562
2701,2.806192768
2702,1.087990721
2703,-1.103386544
2704,-2.927050983
2705,-3.662939225
2706,-2.997634755
2707,-1.157266176
2708,1.168706305
2709,3.087440511
2710,3.847759065
2711,3.136059458
2712,1.205819241
2713,-1.212864038
2714,-3.19136157
2715,-3.961570561
2716,-3.216147294
2717,-1.231784048
2718,1.234162785
2719,3.234820532
2720,4
2721,3.234820532
2722,1.234162785
2723,-1.231784048
2724,-3.216147294
2725,-3.961570561
2726,-3.19136157
2727,-1.212864038
2728,1.205819241
2729,3.136059458
2730,3.847759065
2731,3.087440511
2732,1.168706305
2733,-1.157266176
2734,-2.997634755
2735,-3.662939225
2736,-2.927050983
2737,-1.103386544
2738,1.087990721
2739,2.806192768
2740,3.414213562
2741,2.716356667
2742,1.019414957
2743,-1.000655092
2744,-2.569090505
2745,-3.111140466
2746,-2.463454426
2747,-0.920018524
2748,0.898615548
2749,2.295439674
2750,2.765366865
2751,2.178063151
2752,0.809016994
2753,-0.785793413
2754,-1.995756522
2755,-2.390180644
2756,-1.87115027
2757,-0.690676095
2758,0.666524377
2759,1.681557705
2760,2
2761,1.554510272
2762,0.569543601
2763,-0.545391882
2764,-1.364917707
2765,-1.609819356
2766,-1.240311456
2767,-0.450274565
2768,0.427050983
2769,1.058004826
2770,1.234633135
2771,0.940628304
2772,0.337452429
2773,-0.316049454
2774,-0.772613552
2775,-0.888859534
2776,-0.666977472
2777,-0.235412886
2778,0.216653021
2779,0.519711311
2780,0.585786438
2781,0.42987521
2782,0.148077257
2783,-0.132681434
2784,-0.309016994
2785,-0.337060775
2786,-0.238433223
2787,-0.078801801
2788,0.067361673
2789,0.148627467
2790,0.152240935
2791,0.100008519
2792,0.030248736
2793,-0.02320394
2794,-0.044706408
2795,-0.038429439
2796,-0.019920683
2797,-0.004283929
2798,0.001905193
2799,0.001247446
2800,0
2801,0.001247446
2802,0.001905193
2803,-0.004283929
2804,-0.019920683
2805,-0.038429439
2806,-0.044706408
2807,-0.02320394
2808,0.030248736
2809,0.100008519
2810,0.152240935
2811,0.148627467
2812,0.067361673
2813,-0.078801801
2814,-0.238433223
2815,-0.337060775
2816,-0.309016994
2817,-0.132681434
2818,0.148077257
2819,0.42987521
2820,0.585786438
2821,0.519711311
2822,0.216653021
2823,-0.235412886
2824,-0.666977472
2825,-0.888859534
2826,-0.772613552
2827,-0.316049454
2828,0.337452429
2829,0.940628304
2830,1.234633135
2831,1.058004826
2832,0.427050983
2833,-0.450274565
2834,-1.240311456
2835,-1.609819356
2836,-1.364917707
2837,-0.545391882
2838,0.569543601
2839,1.554510272
2840,2
2841,1.681557705
2842,0.666524377
2843,-0.690676095
2844,-1.87115027
2845,-2.390180644
2846,-1.995756522
2847,-0.785793413
2848,0.809016994
2849,2.178063151
2850,2.765366865
2851,2.295439674
2852,0.898615548
2853,-0.920018524
2854,-2.463454426
2855,-3.111140466
2856,-2.569090505
2857,-1.000655092
2858,1.019414957
2859,2.716356667
2860,3.414213562
2861,2.806192768
2862,1.087990721
2863,-1.103386544
2864,-2.927050983
2865,-3.662939225
2866,-2.997634755
2867,-1.157266176
2868,1.168706305
2869,3.087440511
2870,3.847759065
2871,3.136059458
2872,1.205819241
2873,-1.212864038
2874,-3.19136157
2875,-3.961570561
2876,-3.216147294
2877,-1.231784048
2878,1.234162785
2879,3.234820532
2880,4
2881,3.234820532
2882,1.234162785
2883,-1.231784048
2884,-3.216147294
2885,-3.961570561
2886,-3.19136157
2887,-1.212864038
2888,1.205819241
2889,3.136059458
2890,3.847759065
2891,3.087440511
2892,1.168706305
2893,-1.157266176
2894,-2.997634755
2895,-3.662939225
2896,-2.927050983
2897,-1.103386544
2898,1.087990721
2899,2.806192768
2900,3.414213562
2901,2.716356667
2902,1.019414957
2903,-1.000655092
2904,-2.569090505
2905,-3.111140466
2906,-2.463454426
2907,-0.920018524
2908,0.898615548
2909,2.295439674
2910,2.765366865
2911,2.178063151
2912,0.809016994
2913,-0.785793413
2914,-1.995756522
2915,-2.390180644
2916,-1.87115027
2917,-0.690676095
2918,0.666524377
2919,1.681557705
2920,2
2921,1.554510272
2922,0.569543601
2923,-0.545391882
2924,-1.364917707
2925,-1.609819356
2926,-1.240311456
2927,-0.450274565
2928,0.427050983
2929,1.058004826
2930,1.234633135
2931,0.940628304
2932,0.337452429
2933,-0.316049454
2934,-0.772613552
2935,-0.888859534
2936,-0.666977472
2937,-0.235412886
2938,0.216653021
2939,0.519711311
2940,0.585786438
2941,0.42987521
2942,0.148077257
2943,-0.132681434
2944,-0.309016994
2945,-0.337060775
2946,-0.238433223
2947,-0.078801801
2948,0.067361673
2949,0.148627467
2950,0.152240935
2951,0.100008519
2952,0.030248736
2953,-0.02320394
2954,-0.044706408
2955,-0.038429439
2956,-0.019920683
2957,-0.004283929
2958,0.001905193
2959,0.001247446
2960,0
2961,0.001247446
2962,0.001905193
2963,-0.004283929
2964,-0.019920683
2965,-0.038429439
2966,-0.044706408
2967,-0.02320394
2968,0.030248736
2969,0.100008519
2970,0.152240935
2971,0.148627467
2972,0.067361673
2973,-0.078801801
2974,-0.238433223
2975,-0.337060775
2976,-0.309016994
2977,-0.132681434
2978,0.148077257
2979,0.42987521
2980,0.585786438
2981,0.519711311
2982,0.216653021
2983,-0.235412886
2984,-0.666977472
2985,-0.888859534
2986,-0.772613552
2987,-0.316049454
2988,0.337452429
2989,0.940628304
2990,1.234633135
2991,1.058004826
2992,0.427050983
2993,-0.450274565
2994,-1.240311456
2995,-1.609819356
2996,-1.364917707
2997,-0.545391882
2998,0.569543601
2999,1.554510272
3000,2
3001,1.681557705
3002,0.666524377
3003,-0.690676095
3004,-1.87115027
3005,-2.390180644
3006,-1.995756522
3007,-0.785793413
3008,0.809016994
3009,2.178063151
3010,2.765366865
3011,2.295439674
3012,0.898615548
3013,-0.920018524
3014,-2.463454426
3015,-3.111140466
3016,-2.569090505
3017,-1.000655092
3018,1.019414957
3019,2.716356667
3020,3.414213562
3021,2.806192768
3022,1.087990721
3023,-1.103386544
3024,-2.927050983
3025,-3.662939225
3026,-2.997634755
3027,-1.157266176
3028,1.168706305
3029,3.087440511
3030,3.847759065
3031,3.136059458
3032,1.205819241
3033,-1.212864038
3034,-3.19136157
3035,-3.961570561
3036,-3.216147294
3037,-1.231784048
3038,1.234162785
3039,3.234820532
3040,4
3041,3.234820532
3042,1.234162785
3043,-1.231784048
3044,-3.216147294
3045,-3.961570561
3046,-3.19136157
3047,-1.212864038
3048,1.205819241
3049,3.136059458
3050,3.847759065
3051,3.087440511
3052,1.168706305
3053,-1.157266176
3054,-2.997634755
3055,-3.662939225
3056,-2.927050983
3057,-1.103386544
3058,1.087990721
3059,2.806192768
3060,3.414213562
3061,2.716356667
3062,1.019414957
3063,-1.000655092
3064,-2.569090505
3065,-3.111140466
3066,-2.463454426
3067,-0.920018524
3068,0.898615548
3069,2.295439674
3070,2.765366865
3071,2.178063151
3072,0.809016994
3073,-0.785793413
3074,-1.995756522
3075,-2.390180644
3076,-1.87115027
3077,-0.690676095
3078,0.666524377
3079,1.681557705
3080,2
3081,1.554510272
3082,0.569543601
3083,-0.545391882
3084,-1.364917707
3085,-1.609819356
3086,-1.240311456
3087,-0.450274565
3088,0.427050983
3089,1.058004826
3090,1.234633135
3091,0.940628304
3092,0.337452429
3093,-0.316049454
3094,-0.772613552
3095,-0.888859534
3096,-0.666977472
3097,-0.235412886
3098,0.216653021
3099,0.519711311
3100,0.585786438
3101,0.42987521
3102,0.148077257
3103,-0.132681434
3104,-0.309016994
3105,-0.337060775
3106,-0.238433223
3107,-0.078801801
3108,0.067361673
3109,0.148627467
3110,0.152240935
3111,0.100008519
3112,0.030248736
3113,-0.02320394
3114,-0.044706408
3115,-0.038429439
3116,-0.019920683
3117,-0.004283929
3118,0.001905193
3119,0.001247446
3120,0
3121,0.001247446
3122,0.001905193
3123,-0.004283929
3124,-0.019920683
3125,-0.038429439
3126,-0.044706408
3127,-0.02320394
3128,0.030248736
3129,0.100008519
3130,0.152240935
3131,0.148627467
3132,0.067361673
3133,-0.078801801
3134,-0.238433223
3135,-0.337060775
3136,-0.309016994
3137,-0.132681434
3138,0.148077257
3139,0.42987521
3140,0.585786438
3141,0.519711311
3142,0.216653021
3143,-0.235412886
3144,-0.666977472
3145,-0.888859534
3146,-0.772613552
3147,-0.316049454
3148,0.337452429
3149,0.940628304
3150,1.234633135
3151,1.058004826
3152,0.427050983
3153,-0.450274565
3154,-1.240311456
3155,-1.609819356
3156,-1.364917707
3157,-0.545391882
3158,0.569543601
3159,1.554510272
3160,2
3161,1.681557705
3162,0.666524377
3163,-0.690676095
3164,-1.87115027
3165,-2.390180644
3166,-1.995756522
3167,-0.785793413
3168,0.809016994
3169,2.178063151
3170,2.765366865
3171,2.295439674
3172,0.898615548
3173,-0.920018524
3174,-2.463454426
3175,-3.111140466
3176,-2.569090505
3177,-1.000655092
3178,1.019414957
3179,2.716356667
3180,3.414213562
3181,2.806192768
3182,1.087990721
3183,-1.103386544
3184,-2.927050983
3185,-3.662939225
3186,-2.997634755
3187,-1.157266176
3188,1.168706305
3189,3.087440511
3190,3.847759065
3191,3.136059458
3192,1.205819241
3193,-1.212864038
3194,-3.19136157
3195,-3.961570561
3196,-3.216147294
3197,-1.231784048
3198,1.234162785
3199,3.234820532
3200,4
3201,3.234820532
3202,1.234162785
3203,-1.231784048
3204,-3.216147294
3205,-3.961570561
3206,-3.19136157
3207,-1.212864038
3208,1.205819241
3209,3.136059458
3210,3.847759065
3211,3.087440511
3212,1.168706305
3213,-1.157266176
3214,-2.997634755
3215,-3.662939225
3216,-2.927050983
3217,-1.103386544
3218,1.087990721
3219,2.806192768
3220,3.414213562
3221,2.716356667
3222,1.019414957
3223,-1.000655092
3224,-2.569090505
3225,-3.111140466
3226,-2.463454426
3227,-0.920018524
3228,0.898615548
3229,2.295439674
3230,2.765366865
3231,2.178063151
3232,0.809016994
3233,-0.785793413
3234,-1.995756522
3235,-2.390180644
3236,-1.87115027
3237,-0.690676095
3238,0.666524377
3239,1.681557705
3240,2
3241,1.554510272
3242,0.569543601
3243,-0.545391882
3244,-1.364917707
3245,-1.609819356
3246,-1.240311456
3247,-0.450274565
3248,0.427050983
3249,1.058004826
3250,1.234633135
3251,0.940628304
3252,0.337452429
3253,-0.316049454
3254,-0.772613552
3255,-0.888859534
3256,-0.666977472
3257,-0.235412886
3258,0.216653021
3259,0.519711311
3260,0.585786438
3261,0.42987521
3262,0.148077257
3263,-0.132681434
3264,-0.309016994
3265,-0.337060775
3266,-0.238433223
3267,-0.078801801
3268,0.067361673
3269,0.148627467
3270,0.152240935
3271,0.100008519
3272,0.030248736
3273,-0.02320394
3274,-0.044706408
3275,-0.038429439
3276,-0.019920683
3277,-0.004283929
3278,0.001905193
3279,0.001247446
3280,0
3281,0.001247446
3282,0.001905193
3283,-0.004283929
3284,-0.019920683
3285,-0.038429439
3286,-0.044706408
3287,-0.02320394
3288,0.030248736
3289,0.100008519
3290,0.152240935
3291,0.148627467
3292,0.067361673
3293,-0.078801801
3294,-0.238433223
3295,-0.337060775
3296,-0.309016994
3297,-0.132681434
3298,0.148077257
3299,0.42987521
3300,0.585786438
3301,0.519711311
3302,0.216653021
3303,-0.235412886
3304,-0.666977472
3305,-0.888859534
3306,-0.772613552
3307,-0.316049454
3308,0.337452429
3309,0.940628304
3310,1.234633135
3311,1.058004826
3312,0.427050983
3313,-0.450274565
3314,-1.240311456
3315,-1.609819356
3316,-1.364917707
3317,-0.545391882
3318,0.569543601
3319,1.554510272
3320,2
3321,1.681557705
3322,0.666524377
3323,-0.690676095
3324,-1.87115027
3325,-2.390180644
3326,-1.995756522
3327,-0.785793413
3328,0.809016994
3329,2.178063151
3330,2.765366865
3331,2.295439674
3332,0.898615548
3333,-0.920018524
3334,-2.463454426
3335,-3.111140466
3336,-2.569090505
3337,-1.000655092
3338,1.019414957
3339,2.716356667
3340,3.414213562
3341,2.806192768
3342,1.087990721
3343,-1.103386544
3344,-2.927050983
3345,-3.662939225
3346,-2.997634755
3347,-1.157266176
3348,1.168706305
3349,3.087440511
3350,3.847759065
3351,3.136059458
3352,1.205819241
3353,-1.212864038
3354,-3.19136157
3355,-3.961570561
3356,-3.216147294
3357,-1.231784048
3358,1.234162785
3359,3.234820532
3360,4
3361,3.234820532
3362,1.234162785
3363,-1.231784048
3364,-3.216147294
3365,-3.961570561
3366,-3.19136157
3367,-1.212864038
3368,1.205819241
3369,3.136059458
3370,3.847759065
3371,3.087440511
3372,1.168706305
3373,-1.157266176
3374,-2.997634755
3375,-3.662939225
3376,-2.927050983
3377,-1.103386544
3378,1.087990721
3379,2.806192768
3380,3.414213562
3381,2.716356667
3382,1.019414957
3383,-1.000655092
3384,-2.569090505
3385,-3.111140466
3386,-2.463454426
3387,-0.920018524
3388,0.898615548
3389,2.295439674
3390,2.765366865
3391,2.178063151
3392,0.809016994
3393,-0.785793413
3394,-1.995756522
3395,-2.390180644
3396,-1.87115027
3397,-0.690676095
3398,0.666524377
3399,1.681557705
3400,2
3401,1.554510272
3402,0.569543601
3403,-0.545391882
3404,-1.364917707
3405,-1.609819356
3406,-1.240311456
3407,-0.450274565
3408,0.427050983
3409,1.058004826
3410,1.234633135
3411,0.940628304
3412,0.337452429
3413,-0.316049454
3414,-0.772613552
3415,-0.888859534
3416,-0.666977472
3417,-0.235412886
3418,0.216653021
3419,0.519711311
3420,0.585786438
3421,0.42987521
3422,0.148077257
3423,-0.132681434
3424,-0.309016994
3425,-0.337060775
3426,-0.238433223
3427,-0.078801801
3428,0.067361673
3429,0.148627467
3430,0.152240935
3431,0.100008519
3432,0.030248736
3433,-0.02320394
3434,-0.044706408
3435,-0.038429439
3436,-0.019920683
3437,-0.004283929
3438,0.001905193
3439,0.001247446
3440,0
3441,0.001247446
3442,0.001905193
3443,-0.004283929
3444,-0.019920683
3445,-0.038429439
3446,-0.044706408
3447,-0.02320394
3448,0.030248736
3449,0.100008519
3450,0.152240935
3451,0.148627467
3452,0.067361673
3453,-0.078801801
3454,-0.238433223
3455,-0.337060775
3456,-0.309016994
3457,-0.132681434
3458,0.148077257
3459,0.42987521
3460,0.585786438
3461,0.519711311
3462,0.216653021
3463,-0.235412886
3464,-0.666977472
3465,-0.888859534
3466,-0.772613552
3467,-0.316049454
3468,0.337452429
3469,0.940628304
3470,1.234633135
3471,1.058004826
3472,0.427050983
3473,-0.450274565
3474,-1.240311456
3475,-1.609819356
3476,-1.364917707
3477,-0.545391882
3478,0.569543601
3479,1.554510272
3480,2
3481,1.681557705
3482,0.666524377
3483,-0.690676095
3484,-1.87115027
3485,-2.390180644
3486,-1.995756522
3487,-0.785793413
3488,0.809016994
3489,2.178063151
3490,2.765366865
3491,2.295439674
3492,0.898615548
3493,-0.920018524
3494,-2.463454426
3495,-3.111140466
3496,-2.569090505
3497,-1.000655092
3498,1.019414957
3499,2.716356667
3500,3.414213562
3501,2.806192768
3502,1.087990721
3503,-1.103386544
3504,-2.927050983
3505,-3.662939225
3506,-2.997634755
3507,-1.157266176
3508,1.168706305
3509,3.087440511
3510,3.847759065
3511,3.136059458
3512,1.205819241
3513,-1.212864038
3514,-3.19136157
3515,-3.961570561
3516,-3.216147294
3517,-1.231784048
3518,1.234162785
3519,3.234820532
3520,4
3521,3.234820532
3522,1.234162785
3523,-1.231784048
3524,-3.216147294
3525,-3.961570561
3526,-3.19136157
3527,-1.212864038
3528,1.205819241
3529,3.136059458
3530,3.847759065
3531,3.087440511
3532,1.168706305
3533,-1.157266176
3534,-2.997634755
3535,-3.662939225
3536,-2.927050983
3537,-1.103386544
3538,1.087990721
3539,2.806192768
3540,3.414213562
3541,2.716356667
3542,1.019414957
3543,-1.000655092
3544,-2.569090505
3545,-3.111140466
3546,-2.463454426
3547,-0.920018524
3548,0.898615548
3549,2.295439674
3550,2.765366865
3551,2.178063151
3552,0.809016994
3553,-0.785793413
3554,-1.995756522
3555,-2.390180644
3556,-1.87115027
3557,-0.690676095
3558,0.666524377
3559,1.681557705
3560,2
3561,1.554510272
3562,0.569543601
3563,-0.545391882
3564,-1.364917707
3565,-1.609819356
3566,-1.240311456
3567,-0.450274565
3568,0.427050983
3569,1.058004826
3570,1.234633135
3571,0.940628304
3572,0.337452429
3573,-0.316049454
3574,-0.772613552
3575,-0.888859534
3576,-0.666977472
3577,-0.235412886
3578,0.216653021
3579,0.519711311
3580,0.585786438
3581,0.42987521
3582,0.148077257
3583,-0.132681434
3584,-0.309016994
3585,-0.337060775
3586,-0.238433223
3587,-0.078801801
3588,0.067361673
3589,0.148627467
3590,0.152240935
3591,0.100008519
3592,0.030248736
3593,-0.02320394
3594,-0.044706408
3595,-0.038429439
3596,-0.019920683
3597,-0.004283929
3598,0.001905193
3599,0.001247446
3600,0
3601,0.001247446
3602,0.001905193
3603,-0.004283929
3604,-0.019920683
3605,-0.038429439
3606,-0.044706408
3607,-0.02320394
3608,0.030248736
3609,0.100008519
3610,0.152240935
3611,0.148627467
3612,0.067361673
3613,-0.078801801
3614,-0.238433223
3615,-0.337060775
3616,-0.309016994
3617,-0.132681434
3618,0.148077257
3619,0.42987521
3620,0.585786438
3621,0.519711311
3622,0.216653021
3623,-0.235412886
3624,-0.666977472
3625,-0.888859534
3626,-0.772613552
3627,-0.316049454
3628,0.337452429
3629,0.940628304
3630,1.234633135
3631,1.058004826
3632,0.427050983
3633,-0.450274565
3634,-1.240311456
3635,-1.609819356
3636,-1.364917707
3637,-0.545391882
3638,0.569543601
3639,1.554510272
3640,2
3641,1.681557705
3642,0.666524377
3643,-0.690676095
3644,-1.87115027
3645,-2.390180644
3646,-1.995756522
3647,-0.785793413
3648,0.809016994
3649,2.178063151
3650,2.765366865
3651,2.295439674
3652,0.898615548
3653,-0.920018524
3654,-2.463454426
3655,-3.111140466
3656,-2.569090505
3657,-1.000655092
3658,1.019414957
3659,2.716356667
3660,3.414213562
3661,2.806192768
3662,1.087990721
3663,-1.103386544
3664,-2.927050983
3665,-3.662939225
3666,-2.997634755
3667,-1.157266176
3668,1.168706305
3669,3.087440511
3670,3.847759065
3671,3.136059458
3672,1.205819241
3673,-1.212864038
3674,-3.19136157
3675,-3.961570561
3676,-3.216147294
3677,-1.231784048
3678,1.234162785
3679,3.234820532
3680,4
3681,3.234820532
3682,1.234162785
3683,-1.231784048
3684,-3.216147294
3685,-3.961570561
3686,-3.19136157
3687,-1.212864038
3688,1.205819241
3689,3.136059458
3690,3.847759065
3691,3.087440511
3692,1.168706305
3693,-1.157266176
3694,-2.997634755
3695,-3.662939225
3696,-2.927050983
3697,-1.103386544
3698,1.087990721
3699,2.806192768
3700,3.414213562
3701,2.716356667
3702,1.019414957
3703,-1.000655092
3704,-2.569090505
3705,-3.111140466
3706,-2.463454426
3707,-0.920018524
3708,0.898615548
3709,2.295439674
3710,2.765366865
3711,2.178063151
3712,0.809016994
3713,-0.785793413
3714,-1.995756522
3715,-2.390180644
3716,-1.87115027
3717,-0.690676095
3718,0.666524377
3719,1.681557705
3720,2
3721,1.554510272
3722,0.569543601
3723,-0.545391882
3724,-1.364917707
3725,-1.609819356
3726,-1.240311456
3727,-0.450274565
3728,0.427050983
3729,1.058004826
3730,1.234633135
3731,0.940628304
3732,0.337452429
3733,-0.316049454
3734,-0.772613552
3735,-0.888859534
3736,-0.666977472
3737,-0.235412886
3738,0.216653021
3739,0.519711311
3740,0.585786438
3741,0.42987521
3742,0.148077257
3743,-0.132681434
3744,-0.309016994
3745,-0.337060775
3746,-0.238433223
3747,-0.078801801
3748,0.067361673
3749,0.148627467
3750,0.152240935
3751,0.100008519
3752,0.030248736
3753,-0.02320394
3754,-0.044706408
3755,-0.038429439
3756,-0.019920683
3757,-0.004283929
3758,0.001905193
3759,0.001247446
3760,0
3761,0.001247446
3762,0.001905193
3763,-0.004283929
3764,-0.019920683
3765,-0.038429439
3766,-0.044706408
3767,-0.02320394
3768,0.030248736
3769,0.100008519
3770,0.152240935
3771,0.148627467
3772,0.067361673
3773,-0.078801801
3774,-0.238433223
3775,-0.337060775
3776,-0.309016994
3777,-0.132681434
3778,0.148077257
3779,0.42987521
3780,0.585786438
3781,0.519711311
3782,0.216653021
3783,-0.235412886
3784,-0.666977472
3785,-0.888859534
3786,-0.772613552
3787,-0.316049454
3788,0.337452429
3789,0.940628304
3790,1.234633135
3791,1.058004826
3792,0.427050983
3793,-0.450274565
3794,-1.240311456
3795,-1.609819356
3796,-1.364917707
3797,-0.545391882
3798,0.569543601
3799,1.554510272
3800,2
3801,1.681557705
3802,0.666524377
3803,-0.690676095
3804,-1.87115027
3805,-2.390180644
3806,-1.995756522
3807,-0.785793413
3808,0.809016994
3809,2.178063151
3810,2.765366865
3811,2.295439674
3812,0.898615548
3813,-0.920018524
3814,-2.463454426
3815,-3.111140466
3816,-2.569090505
3817,-1.000655092
3818,1.019414957
3819,2.716356667
3820,3.414213562
3821,2.806192768
3822,1.087990721
3823,-1.103386544
3824,-2.927050983
3825,-3.662939225
3826,-2.997634755
3827,-1.157266176
3828,1.168706305
3829,3.087440511
3830,3.847759065
3831,3.136059458
3832,1.205819241
3833,-1.212864038
3834,-3.19136157
3835,-3.961570561
3836,-3.216147294
3837,-1.231784048
3838,1.234162785
3839,3.234820532
3840,4
3841,3.234820532
3842,1.234162785
3843,-1.231784048
3844,-3.216147294
3845,-3.961570561
3846,-3.19136157
3847,-1.212864038
3848,1.205819241
3849,3.136059458
3850,3.847759065
3851,3.087440511
3852,1.168706305
3853,-1.157266176
3854,-2.997634755
3855,-3.662939225
3856,-2.927050983
3857,-1.103386544
3858,1.087990721
3859,2.806192768
3860,3.414213562
3861,2.716356667
3862,1.019414957
3863,-1.000655092
3864,-2.569090505
3865,-3.111140466
3866,-2.463454426
3867,-0.920018524
3868,0.898615548
3869,2.295439674
3870,2.765366865
3871,2.178063151
3872,0.809016994
3873,-0.785793413
3874,-1.995756522
3875,-2.390180644
3876,-1.87115027
3877,-0.690676095
3878,0.666524377
3879,1.681557705
3880,2
3881,1.554510272
3882,0.569543601
3883,-0.545391882
3884,-1.364917707
3885,-1.609819356
3886,-1.240311456
3887,-0.450274565
3888,0.427050983
3889,1.058004826
3890,1.234633135
3891,0.940628304
3892,0.337452429
3893,-0.316049454
3894,-0.772613552
3895,-0.888859534
3896,-0.666977472
3897,-0.235412886
3898,0.216653021
3899,0.519711311
3900,0.585786438
3901,0.42987521
3902,0.148077257
3903,-0.132681434
3904,-0.309016994
3905,-0.337060775
3906,-0.238433223
3907,-0.078801801
3908,0.067361673
3909,0.148627467
3910,0.152240935
3911,0.100008519
3912,0.030248736
3913,-0.02320394
3914,-0.044706408
3915,-0.038429439
3916,-0.019920683
3917,-0.004283929
3918,0.001905193
3919,0.001247446
3920,0
3921,0.001247446
3922,0.001905193
3923,-0.004283929
3924,-0.019920683
3925,-0.038429439
3926,-0.044706408
3927,-0.02320394
3928,0.030248736
3929,0.100008519
3930,0.152240935
3931,0.148627467
3932,0.067361673
3933,-0.078801801
3934,-0.238433223
3935,-0.337060775
3936,-0.309016994
3937,-0.132681434
3938,0.148077257
3939,0.42987521
3940,0.585786438
3941,0.519711311
3942,0.216653021
3943,-0.235412886
3944,-0.666977472
3945,-0.888859534
3946,-0.772613552
3947,-0.316049454
3948,0.337452429
3949,0.940628304
3950,1.234633135
3951,1.058004826
3952,0.427050983
3953,-0.450274565
3954,-1.240311456
3955,-1.609819356
3956,-1.364917707
3957,-0.545391882
3958,0.569543601
3959,1.554510272
3960,2
3961,1.681557705
3962,0.666524377
3963,-0.690676095
3964,-1.87115027
3965,-2.390180644
3966,-1.995756522
3967,-0.785793413
3968,0.809016994
3969,2.178063151
3970,2.765366865
3971,2.295439674
3972,0.898615548
3973,-0.920018524
3974,-2.463454426
3975,-3.111140466
3976,-2.569090505
3977,-1.000655092
3978,1.019414957
3979,2.716356667
3980,3.414213562
3981,2.806192768
3982,1.087990721
3983,-1.103386544
3984,-2.927050983
3985,-3.662939225
3986,-2.997634755
3987,-1.157266176
3988,1.168706305
3989,3.087440511
3990,3.847759065
3991,3.136059458
3992,1.205819241
3993,-1.212864038
3994,-3.19136157
3995,-3.961570561
3996,-3.216147294
3997,-1.231784048
3998,1.234162785
3999,3.234820532
